unget	ungot	V;PST	C096
reget	regot	V;PST	C096
get	got	V;PST	C096
outflee	outfled	V;PST	C095
beflee	befled	V;PST	C095
flee	fled	V;PST	C095
reswell	reswelled	V;PST	C094
swell	swelled	V;PST	C094
unswell	unswelled	V;PST	C094
slivercast	slivercasted	V;PST	C093
sidecast	sidecasted	V;PST	C093
bestead	besteaded	V;PST	C093
forbid	forbid	V;PST	C092
misbid	misbid	V;PST	C092
downtrod	downtrod	V;PST	C092
redig	redug	V;PST	C091
underdig	underdug	V;PST	C091
undig	undug	V;PST	C091
dig	dug	V;PST	C091
rin	ran	V;PST	C090
atrin	atran	V;PST	C090
begin	began	V;PST	C090
rebegin	rebegan	V;PST	C090
mak	maked	V;PST	C089
deek	deeked	V;PST	C089
stott	stotted	V;PST	C089
larn	larned	V;PST	C089
rendevous	rendevoused	V;PST	C088
gozz	gozzed	V;PST	C088
aks	aksed	V;PST	C088
rendezvous	rendezvoused	V;PST	C088
unchoose	unchose	V;PST	C087
forechoose	forechose	V;PST	C087
rechoose	rechose	V;PST	C087
mischoose	mischose	V;PST	C087
choose	chose	V;PST	C087
bedwell	bedwelt	V;PST	C086
dwell	dwelt	V;PST	C086
foresmell	foresmelt	V;PST	C086
outdwell	outdwelt	V;PST	C086
misspell	misspelt	V;PST	C086
overnim	overnam	V;PST	C085
overswim	overswam	V;PST	C085
swim	swam	V;PST	C085
upswim	upswam	V;PST	C085
outswim	outswam	V;PST	C085
downtread	downtrod	V;PST	C084
fortread	fortrod	V;PST	C084
overtread	overtrod	V;PST	C084
totread	totrod	V;PST	C084
betread	betrod	V;PST	C084
kape	kapt	V;PST	C083
forthclepe	forthclept	V;PST	C083
lose	lost	V;PST	C083
beclepe	beclept	V;PST	C083
unlose	unlost	V;PST	C083
rewake	rewoke	V;PST	C082
reawake	reawoke	V;PST	C082
forcarve	forcorve	V;PST	C082
wake	woke	V;PST	C082
awake	awoke	V;PST	C082
befly	beflew	V;PST	C081
outfly	outflew	V;PST	C081
upfly	upflew	V;PST	C081
refly	reflew	V;PST	C081
overfly	overflew	V;PST	C081
fly	flew	V;PST	C081
win	won	V;PST	C080
overwin	overwon	V;PST	C080
rewin	rewon	V;PST	C080
outwin	outwon	V;PST	C080
bewin	bewon	V;PST	C080
electrowin	electrowon	V;PST	C080
besteal	bestole	V;PST	C079
unsteal	unstole	V;PST	C079
forsteal	forstole	V;PST	C079
upsteal	upstole	V;PST	C079
overheal	overhole	V;PST	C079
steal	stole	V;PST	C079
unhide	unhid	V;PST	C078
rehide	rehid	V;PST	C078
autohide	autohid	V;PST	C078
hyde	hyd	V;PST	C078
hide	hid	V;PST	C078
backslide	backslid	V;PST	C078
chiv	chivved	V;PST	C077
rev	revved	V;PST	C077
overrev	overrevved	V;PST	C077
improv	improvved	V;PST	C077
nav	navved	V;PST	C077
shiv	shivved	V;PST	C077
inbeat	inbeat	V;PST	C076
overbeat	overbeat	V;PST	C076
browbeat	browbeat	V;PST	C076
tobeat	tobeat	V;PST	C076
beat	beat	V;PST	C076
forbeat	forbeat	V;PST	C076
prefreeze	prefroze	V;PST	C075
refreeze	refroze	V;PST	C075
freeze	froze	V;PST	C075
unfreeze	unfroze	V;PST	C075
befreeze	befroze	V;PST	C075
enfreeze	enfroze	V;PST	C075
defreeze	defroze	V;PST	C075
undereat	underate	V;PST	C074
overeat	overate	V;PST	C074
uneat	unate	V;PST	C074
eat	ate	V;PST	C074
sleepeat	sleepate	V;PST	C074
miseat	misate	V;PST	C074
outeat	outate	V;PST	C074
surplus	surplussed	V;PST	C073
teargas	teargassed	V;PST	C073
degas	degassed	V;PST	C073
yes	yessed	V;PST	C073
res	ressed	V;PST	C073
outgas	outgassed	V;PST	C073
gas	gassed	V;PST	C073
superlie	superlay	V;PST	C072
forelie	forelay	V;PST	C072
belie	belay	V;PST	C072
mislie	mislay	V;PST	C072
forlie	forlay	V;PST	C072
lie	lay	V;PST	C072
overlie	overlay	V;PST	C072
underlie	underlay	V;PST	C072
prelight	prelit	V;PST	C071
light	lit	V;PST	C071
flashlight	flashlit	V;PST	C071
floodlight	floodlit	V;PST	C071
greenlight	greenlit	V;PST	C071
overlight	overlit	V;PST	C071
twilight	twilit	V;PST	C071
redlight	redlit	V;PST	C071
rebeget	rebegot	V;PST	C070
underget	undergot	V;PST	C070
beget	begot	V;PST	C070
misget	misgot	V;PST	C070
forget	forgot	V;PST	C070
misbeget	misbegot	V;PST	C070
overget	overgot	V;PST	C070
unforget	unforgot	V;PST	C070
overleave	overleft	V;PST	C069
beleave	beleft	V;PST	C069
forleave	forleft	V;PST	C069
leave	left	V;PST	C069
cleave	cleft	V;PST	C069
dreave	dreft	V;PST	C069
miscleave	miscleft	V;PST	C069
toreave	toreft	V;PST	C069
hang	hung	V;PST	C068
unhang	unhung	V;PST	C068
behang	behung	V;PST	C068
overhang	overhung	V;PST	C068
uphang	uphung	V;PST	C068
cliffhang	cliffhung	V;PST	C068
straphang	straphung	V;PST	C068
underhang	underhung	V;PST	C068
rif	riffed	V;PST	C067
bauf	bauffed	V;PST	C067
ref	reffed	V;PST	C067
crossref	crossreffed	V;PST	C067
smof	smoffed	V;PST	C067
chef	cheffed	V;PST	C067
coif	coiffed	V;PST	C067
indef	indeffed	V;PST	C067
rec	recced	V;PST	C066
respec	respecced	V;PST	C066
sic	sicced	V;PST	C066
tic	ticced	V;PST	C066
spec	specced	V;PST	C066
proc	procced	V;PST	C066
frac	fracced	V;PST	C066
twoc	twocced	V;PST	C066
abuy	abought	V;PST	C065
prebuy	prebought	V;PST	C065
rebuy	rebought	V;PST	C065
forebuy	forebought	V;PST	C065
outbuy	outbought	V;PST	C065
underbuy	underbought	V;PST	C065
forbuy	forbought	V;PST	C065
overbuy	overbought	V;PST	C065
buy	bought	V;PST	C065
bycatch	bycaught	V;PST	C064
becatch	becaught	V;PST	C064
outcatch	outcaught	V;PST	C064
recatch	recaught	V;PST	C064
catch	caught	V;PST	C064
miscatch	miscaught	V;PST	C064
flycatch	flycaught	V;PST	C064
overcatch	overcaught	V;PST	C064
uncatch	uncaught	V;PST	C064
awestrike	awestruck	V;PST	C063
unstrike	unstruck	V;PST	C063
restrike	restruck	V;PST	C063
strike	struck	V;PST	C063
airstrike	airstruck	V;PST	C063
misstrike	misstruck	V;PST	C063
outstrike	outstruck	V;PST	C063
counterstrike	counterstruck	V;PST	C063
overstrike	overstruck	V;PST	C063
upseek	upsought	V;PST	C062
beseek	besought	V;PST	C062
forseek	forsought	V;PST	C062
reseek	resought	V;PST	C062
outseek	outsought	V;PST	C062
misseek	missought	V;PST	C062
foreseek	foresought	V;PST	C062
underseek	undersought	V;PST	C062
seek	sought	V;PST	C062
inbring	inbrought	V;PST	C061
underbring	underbrought	V;PST	C061
outbring	outbrought	V;PST	C061
upbring	upbrought	V;PST	C061
fullbring	fullbrought	V;PST	C061
interbring	interbrought	V;PST	C061
forebring	forebrought	V;PST	C061
bring	brought	V;PST	C061
imbring	imbrought	V;PST	C061
forthbring	forthbrought	V;PST	C061
biospin	biospun	V;PST	C060
outspin	outspun	V;PST	C060
respin	respun	V;PST	C060
unspin	unspun	V;PST	C060
bespin	bespun	V;PST	C060
overspin	overspun	V;PST	C060
tailspin	tailspun	V;PST	C060
spin	spun	V;PST	C060
topspin	topspun	V;PST	C060
backspin	backspun	V;PST	C060
shine	shone	V;PST	C059
backshine	backshone	V;PST	C059
beshine	beshone	V;PST	C059
outshine	outshone	V;PST	C059
overstride	overstrode	V;PST	C059
updive	updove	V;PST	C059
overshine	overshone	V;PST	C059
intershine	intershone	V;PST	C059
bestride	bestrode	V;PST	C059
abide	abode	V;PST	C059
inweave	inwove	V;PST	C058
enweave	enwove	V;PST	C058
overheave	overhove	V;PST	C058
unweave	unwove	V;PST	C058
tocleave	toclove	V;PST	C058
steale	stole	V;PST	C058
forcleave	forclove	V;PST	C058
reweave	rewove	V;PST	C058
weave	wove	V;PST	C058
interweave	interwove	V;PST	C058
spaz	spazzed	V;PST	C057
fiz	fizzed	V;PST	C057
poz	pozzed	V;PST	C057
quiz	quizzed	V;PST	C057
whiz	whizzed	V;PST	C057
rez	rezzed	V;PST	C057
buz	buzzed	V;PST	C057
squiz	squizzed	V;PST	C057
requiz	requizzed	V;PST	C057
friz	frizzed	V;PST	C057
pus	pussed	V;PST	C056
offgas	offgassed	V;PST	C056
octopus	octopussed	V;PST	C056
debus	debussed	V;PST	C056
bus	bussed	V;PST	C056
dis	dissed	V;PST	C056
regas	regassed	V;PST	C056
nonpros	nonprossed	V;PST	C056
embus	embussed	V;PST	C056
nonplus	nonplussed	V;PST	C056
beteach	betaught	V;PST	C055
coteach	cotaught	V;PST	C055
teach	taught	V;PST	C055
reteach	retaught	V;PST	C055
unteach	untaught	V;PST	C055
overteach	overtaught	V;PST	C055
underteach	undertaught	V;PST	C055
microteach	microtaught	V;PST	C055
forteach	fortaught	V;PST	C055
misteach	mistaught	V;PST	C055
foreteach	foretaught	V;PST	C055
berede	bered	V;PST	C054
slide	slid	V;PST	C054
overslide	overslid	V;PST	C054
outslide	outslid	V;PST	C054
chide	chid	V;PST	C054
bechide	bechid	V;PST	C054
slite	slit	V;PST	C054
atrede	atred	V;PST	C054
rede	red	V;PST	C054
betide	betid	V;PST	C054
landslide	landslid	V;PST	C054
overrun	overran	V;PST	C053
showrun	showran	V;PST	C053
underrun	underran	V;PST	C053
uprun	upran	V;PST	C053
jayrun	jayran	V;PST	C053
prerun	preran	V;PST	C053
forerun	foreran	V;PST	C053
speedrun	speedran	V;PST	C053
outrun	outran	V;PST	C053
freerun	freeran	V;PST	C053
rerun	reran	V;PST	C053
autorun	autoran	V;PST	C053
outdo	outdid	V;PST	C052
misdo	misdid	V;PST	C052
undo	undid	V;PST	C052
underdo	underdid	V;PST	C052
do	did	V;PST	C052
overdo	overdid	V;PST	C052
wrongdo	wrongdid	V;PST	C052
foredo	foredid	V;PST	C052
redo	redid	V;PST	C052
bedo	bedid	V;PST	C052
fulldo	fulldid	V;PST	C052
fordo	fordid	V;PST	C052
abite	abit	V;PST	C051
unbite	unbit	V;PST	C051
underbite	underbit	V;PST	C051
rebite	rebit	V;PST	C051
beshite	beshit	V;PST	C051
frostbite	frostbit	V;PST	C051
bite	bit	V;PST	C051
backbite	backbit	V;PST	C051
crossbite	crossbit	V;PST	C051
forbite	forbit	V;PST	C051
forebite	forebit	V;PST	C051
overbite	overbit	V;PST	C051
outshoot	outshot	V;PST	C050
unshoot	unshot	V;PST	C050
shoot	shot	V;PST	C050
upshoot	upshot	V;PST	C050
overshoot	overshot	V;PST	C050
foreshoot	foreshot	V;PST	C050
backshoot	backshot	V;PST	C050
sharpshoot	sharpshot	V;PST	C050
gutshoot	gutshot	V;PST	C050
undershoot	undershot	V;PST	C050
atshoot	atshot	V;PST	C050
reshoot	reshot	V;PST	C050
troubleshoot	troubleshot	V;PST	C050
downfall	downfell	V;PST	C049
overfall	overfell	V;PST	C049
infall	infell	V;PST	C049
freefall	freefell	V;PST	C049
befall	befell	V;PST	C049
befal	befel	V;PST	C049
pratfall	pratfell	V;PST	C049
misfall	misfell	V;PST	C049
refall	refell	V;PST	C049
fall	fell	V;PST	C049
misbefall	misbefell	V;PST	C049
onfall	onfell	V;PST	C049
outfall	outfell	V;PST	C049
unthink	unthought	V;PST	C048
unbethink	unbethought	V;PST	C048
forthink	forthought	V;PST	C048
misthink	misthought	V;PST	C048
bethink	bethought	V;PST	C048
forethink	forethought	V;PST	C048
overthink	overthought	V;PST	C048
underthink	underthought	V;PST	C048
outthink	outthought	V;PST	C048
interthink	interthought	V;PST	C048
umbethink	umbethought	V;PST	C048
think	thought	V;PST	C048
rethink	rethought	V;PST	C048
afterthink	afterthought	V;PST	C048
upbear	upbore	V;PST	C047
withbear	withbore	V;PST	C047
overbear	overbore	V;PST	C047
talebear	talebore	V;PST	C047
inbear	inbore	V;PST	C047
forebear	forebore	V;PST	C047
outbear	outbore	V;PST	C047
misbear	misbore	V;PST	C047
downbear	downbore	V;PST	C047
rebear	rebore	V;PST	C047
unbear	unbore	V;PST	C047
offbear	offbore	V;PST	C047
underbear	underbore	V;PST	C047
forbear	forbore	V;PST	C047
misgo	miswent	V;PST	C046
togo	towent	V;PST	C046
go	went	V;PST	C046
bego	bewent	V;PST	C046
forthgo	forthwent	V;PST	C046
ongo	onwent	V;PST	C046
withgo	withwent	V;PST	C046
thoroughgo	thoroughwent	V;PST	C046
forgo	forwent	V;PST	C046
outgo	outwent	V;PST	C046
overgo	overwent	V;PST	C046
umbego	umbewent	V;PST	C046
undergo	underwent	V;PST	C046
forego	forewent	V;PST	C046
atgo	atwent	V;PST	C046
unsee	unsaw	V;PST	C045
looksee	looksaw	V;PST	C045
foresee	foresaw	V;PST	C045
resee	resaw	V;PST	C045
oversee	oversaw	V;PST	C045
outsee	outsaw	V;PST	C045
sightsee	sightsaw	V;PST	C045
aftersee	aftersaw	V;PST	C045
forsee	forsaw	V;PST	C045
see	saw	V;PST	C045
undersee	undersaw	V;PST	C045
insee	insaw	V;PST	C045
besee	besaw	V;PST	C045
missee	missaw	V;PST	C045
farsee	farsaw	V;PST	C045
unbid	unbid	V;PST	C044
rewed	rewed	V;PST	C044
overbid	overbid	V;PST	C044
outbid	outbid	V;PST	C044
counterbid	counterbid	V;PST	C044
rebid	rebid	V;PST	C044
shed	shed	V;PST	C044
miswed	miswed	V;PST	C044
bewed	bewed	V;PST	C044
spred	spred	V;PST	C044
unwed	unwed	V;PST	C044
overclad	overclad	V;PST	C044
clad	clad	V;PST	C044
underbid	underbid	V;PST	C044
bid	bid	V;PST	C044
forthcome	forthcame	V;PST	C043
rebecome	rebecame	V;PST	C043
intercome	intercame	V;PST	C043
undercome	undercame	V;PST	C043
upcome	upcame	V;PST	C043
forecome	forecame	V;PST	C043
downcome	downcame	V;PST	C043
become	became	V;PST	C043
unbecome	unbecame	V;PST	C043
fulcome	fulcame	V;PST	C043
misbecome	misbecame	V;PST	C043
miscome	miscame	V;PST	C043
disbecome	disbecame	V;PST	C043
oncome	oncame	V;PST	C043
come	came	V;PST	C043
overcome	overcame	V;PST	C043
override	overrode	V;PST	C042
beride	berode	V;PST	C042
forgnide	forgnode	V;PST	C042
tailride	tailrode	V;PST	C042
upride	uprode	V;PST	C042
hagride	hagrode	V;PST	C042
noseride	noserode	V;PST	C042
dickride	dickrode	V;PST	C042
ride	rode	V;PST	C042
overbide	overbode	V;PST	C042
atride	atrode	V;PST	C042
outstride	outstrode	V;PST	C042
stride	strode	V;PST	C042
outride	outrode	V;PST	C042
freeride	freerode	V;PST	C042
gnide	gnode	V;PST	C042
joyride	joyrode	V;PST	C042
yive	yave	V;PST	C041
misforgive	misforgave	V;PST	C041
overgive	overgave	V;PST	C041
foregive	foregave	V;PST	C041
caregive	caregave	V;PST	C041
giue	gaue	V;PST	C041
misgive	misgave	V;PST	C041
regive	regave	V;PST	C041
give	gave	V;PST	C041
upgive	upgave	V;PST	C041
thanksgive	thanksgave	V;PST	C041
ungive	ungave	V;PST	C041
unforgive	unforgave	V;PST	C041
forgive	forgave	V;PST	C041
belawgive	belawgave	V;PST	C041
outgive	outgave	V;PST	C041
begive	begave	V;PST	C041
gainstand	gainstood	V;PST	C040
overstand	overstood	V;PST	C040
astand	astood	V;PST	C040
againstand	againstood	V;PST	C040
outstand	outstood	V;PST	C040
atstand	atstood	V;PST	C040
withstand	withstood	V;PST	C040
bestand	bestood	V;PST	C040
reunderstand	reunderstood	V;PST	C040
forestand	forestood	V;PST	C040
misunderstand	misunderstood	V;PST	C040
understand	understood	V;PST	C040
stand	stood	V;PST	C040
forstand	forstood	V;PST	C040
offstand	offstood	V;PST	C040
upstand	upstood	V;PST	C040
unnerstand	unnerstood	V;PST	C040
underlead	underled	V;PST	C039
overlead	overled	V;PST	C039
forthlead	forthled	V;PST	C039
colead	coled	V;PST	C039
replead	repled	V;PST	C039
forlead	forled	V;PST	C039
cheerlead	cheerled	V;PST	C039
uplead	upled	V;PST	C039
outlead	outled	V;PST	C039
inlead	inled	V;PST	C039
aread	ared	V;PST	C039
forelead	foreled	V;PST	C039
belead	beled	V;PST	C039
onlead	onled	V;PST	C039
misplead	mispled	V;PST	C039
mislead	misled	V;PST	C039
offlead	offled	V;PST	C039
upmake	upmade	V;PST	C038
merrymake	merrymade	V;PST	C038
dressmake	dressmade	V;PST	C038
overmake	overmade	V;PST	C038
handmake	handmade	V;PST	C038
unmake	unmade	V;PST	C038
kingmake	kingmade	V;PST	C038
merrimake	merrimade	V;PST	C038
formake	formade	V;PST	C038
premake	premade	V;PST	C038
homemake	homemade	V;PST	C038
make	made	V;PST	C038
demake	demade	V;PST	C038
newmake	newmade	V;PST	C038
foremake	foremade	V;PST	C038
mismake	mismade	V;PST	C038
remake	remade	V;PST	C038
matchmake	matchmade	V;PST	C038
hold	held	V;PST	C037
inhold	inheld	V;PST	C037
underhold	underheld	V;PST	C037
handhold	handheld	V;PST	C037
taphold	tapheld	V;PST	C037
overwithhold	overwithheld	V;PST	C037
offhold	offheld	V;PST	C037
breathhold	breathheld	V;PST	C037
behold	beheld	V;PST	C037
withhold	withheld	V;PST	C037
onhold	onheld	V;PST	C037
unhold	unheld	V;PST	C037
outhold	outheld	V;PST	C037
mishold	misheld	V;PST	C037
overhold	overheld	V;PST	C037
uphold	upheld	V;PST	C037
stranglehold	strangleheld	V;PST	C037
underwithhold	underwithheld	V;PST	C037
forhold	forheld	V;PST	C037
horsesit	horsesat	V;PST	C036
outspit	outspat	V;PST	C036
babysit	babysat	V;PST	C036
dogsit	dogsat	V;PST	C036
birdiesit	birdiesat	V;PST	C036
plantsit	plantsat	V;PST	C036
birdsit	birdsat	V;PST	C036
besit	besat	V;PST	C036
oversit	oversat	V;PST	C036
puppysit	puppysat	V;PST	C036
resit	resat	V;PST	C036
withsit	withsat	V;PST	C036
petsit	petsat	V;PST	C036
atsit	atsat	V;PST	C036
pigsit	pigsat	V;PST	C036
housesit	housesat	V;PST	C036
catsit	catsat	V;PST	C036
birdysit	birdysat	V;PST	C036
sit	sat	V;PST	C036
outsit	outsat	V;PST	C036
missit	missat	V;PST	C036
bedeal	bedealt	V;PST	C035
lowp	lowpt	V;PST	C035
bemean	bemeant	V;PST	C035
forthleap	forthleapt	V;PST	C035
outleap	outleapt	V;PST	C035
redeal	redealt	V;PST	C035
interdeal	interdealt	V;PST	C035
unmean	unmeant	V;PST	C035
deal	dealt	V;PST	C035
daydream	daydreamt	V;PST	C035
bedream	bedreamt	V;PST	C035
underdeal	underdealt	V;PST	C035
mismean	mismeant	V;PST	C035
forelearn	forelearnt	V;PST	C035
uplean	upleant	V;PST	C035
overlean	overleant	V;PST	C035
outlean	outleant	V;PST	C035
beleap	beleapt	V;PST	C035
mean	meant	V;PST	C035
misdeal	misdealt	V;PST	C035
overdeal	overdealt	V;PST	C035
supersell	supersold	V;PST	C034
presell	presold	V;PST	C034
pretell	pretold	V;PST	C034
overtell	overtold	V;PST	C034
outtell	outtold	V;PST	C034
undersell	undersold	V;PST	C034
foretell	foretold	V;PST	C034
missell	missold	V;PST	C034
forthtell	forthtold	V;PST	C034
upsell	upsold	V;PST	C034
voluntell	voluntold	V;PST	C034
onsell	onsold	V;PST	C034
oversell	oversold	V;PST	C034
betell	betold	V;PST	C034
unsell	unsold	V;PST	C034
sell	sold	V;PST	C034
tell	told	V;PST	C034
retell	retold	V;PST	C034
resell	resold	V;PST	C034
untell	untold	V;PST	C034
mistell	mistold	V;PST	C034
outsell	outsold	V;PST	C034
finedraw	finedrew	V;PST	C033
umbedraw	umbedrew	V;PST	C033
indraw	indrew	V;PST	C033
undraw	undrew	V;PST	C033
counterdraw	counterdrew	V;PST	C033
updraw	updrew	V;PST	C033
bedraw	bedrew	V;PST	C033
misdraw	misdrew	V;PST	C033
draw	drew	V;PST	C033
todraw	todrew	V;PST	C033
roughdraw	roughdrew	V;PST	C033
outdraw	outdrew	V;PST	C033
downdraw	downdrew	V;PST	C033
withdraw	withdrew	V;PST	C033
overdraw	overdrew	V;PST	C033
wiredraw	wiredrew	V;PST	C033
underdraw	underdrew	V;PST	C033
deepdraw	deepdrew	V;PST	C033
adraw	adrew	V;PST	C033
redraw	redrew	V;PST	C033
foredraw	foredrew	V;PST	C033
forthdraw	forthdrew	V;PST	C033
undersling	underslung	V;PST	C032
hamstring	hamstrung	V;PST	C032
forsling	forslung	V;PST	C032
fling	flung	V;PST	C032
bestick	bestuck	V;PST	C032
restick	restuck	V;PST	C032
foind	found	V;PST	C032
slink	slunk	V;PST	C032
sting	stung	V;PST	C032
overswing	overswung	V;PST	C032
unstring	unstrung	V;PST	C032
string	strung	V;PST	C032
wring	wrung	V;PST	C032
unsling	unslung	V;PST	C032
unstick	unstuck	V;PST	C032
upswing	upswung	V;PST	C032
unring	unrung	V;PST	C032
outfling	outflung	V;PST	C032
upfling	upflung	V;PST	C032
restring	restrung	V;PST	C032
sling	slung	V;PST	C032
swing	swung	V;PST	C032
cling	clung	V;PST	C032
bowstring	bowstrung	V;PST	C032
screenwrite	screenwrote	V;PST	C031
copywrite	copywrote	V;PST	C031
skywrite	skywrote	V;PST	C031
forsmite	forsmote	V;PST	C031
bewrite	bewrote	V;PST	C031
inwrite	inwrote	V;PST	C031
typewrite	typewrote	V;PST	C031
ghostwrite	ghostwrote	V;PST	C031
bedrite	bedrote	V;PST	C031
rewrite	rewrote	V;PST	C031
write	wrote	V;PST	C031
sleepwrite	sleepwrote	V;PST	C031
drite	drote	V;PST	C031
enwrite	enwrote	V;PST	C031
handwrite	handwrote	V;PST	C031
unwrite	unwrote	V;PST	C031
freewrite	freewrote	V;PST	C031
overwrite	overwrote	V;PST	C031
offsmite	offsmote	V;PST	C031
outwrite	outwrote	V;PST	C031
prewrite	prewrote	V;PST	C031
miswrite	miswrote	V;PST	C031
forewrite	forewrote	V;PST	C031
smite	smote	V;PST	C031
underwrite	underwrote	V;PST	C031
cowrite	cowrote	V;PST	C031
mainswear	mainswore	V;PST	C030
uptear	uptore	V;PST	C030
reswear	reswore	V;PST	C030
outwear	outwore	V;PST	C030
forswear	forswore	V;PST	C030
foreswear	foreswore	V;PST	C030
betear	betore	V;PST	C030
unswear	unswore	V;PST	C030
beshear	beshore	V;PST	C030
outswear	outswore	V;PST	C030
miswear	miswore	V;PST	C030
swear	swore	V;PST	C030
wear	wore	V;PST	C030
forwear	forwore	V;PST	C030
totear	totore	V;PST	C030
overwear	overwore	V;PST	C030
abear	abore	V;PST	C030
tear	tore	V;PST	C030
babywear	babywore	V;PST	C030
manswear	manswore	V;PST	C030
toshear	toshore	V;PST	C030
fortear	fortore	V;PST	C030
rewear	rewore	V;PST	C030
misswear	misswore	V;PST	C030
forthbear	forthbore	V;PST	C030
beswear	beswore	V;PST	C030
retear	retore	V;PST	C030
todrive	todrove	V;PST	C029
arize	aroze	V;PST	C029
strive	strove	V;PST	C029
fordrive	fordrove	V;PST	C029
slive	slove	V;PST	C029
rearise	rearose	V;PST	C029
outrive	outrove	V;PST	C029
rerise	rerose	V;PST	C029
drive	drove	V;PST	C029
belive	belove	V;PST	C029
wardrive	wardrove	V;PST	C029
restrive	restrove	V;PST	C029
blive	blove	V;PST	C029
outdrive	outdrove	V;PST	C029
shrive	shrove	V;PST	C029
overdrive	overdrove	V;PST	C029
piledrive	piledrove	V;PST	C029
rise	rose	V;PST	C029
underdrive	underdrove	V;PST	C029
driue	droue	V;PST	C029
overrise	overrose	V;PST	C029
arise	arose	V;PST	C029
redrive	redrove	V;PST	C029
uprise	uprose	V;PST	C029
misdrive	misdrove	V;PST	C029
bedrive	bedrove	V;PST	C029
thrive	throve	V;PST	C029
withdrive	withdrove	V;PST	C029
codrive	codrove	V;PST	C029
bespeak	bespoke	V;PST	C028
outbreak	outbroke	V;PST	C028
misspeak	misspoke	V;PST	C028
upbreak	upbroke	V;PST	C028
jailbreak	jailbroke	V;PST	C028
outspeak	outspoke	V;PST	C028
farspeak	farspoke	V;PST	C028
bebreak	bebroke	V;PST	C028
bullspeak	bullspoke	V;PST	C028
unspeak	unspoke	V;PST	C028
break	broke	V;PST	C028
unbespeak	unbespoke	V;PST	C028
housebreak	housebroke	V;PST	C028
strikebreak	strikebroke	V;PST	C028
inbreak	inbroke	V;PST	C028
overbreak	overbroke	V;PST	C028
forspeak	forspoke	V;PST	C028
forthspeak	forthspoke	V;PST	C028
overspeak	overspoke	V;PST	C028
upspeak	upspoke	V;PST	C028
inspeak	inspoke	V;PST	C028
speak	spoke	V;PST	C028
tobreak	tobroke	V;PST	C028
halterbreak	halterbroke	V;PST	C028
unbreak	unbroke	V;PST	C028
underspeak	underspoke	V;PST	C028
forbreak	forbroke	V;PST	C028
rebreak	rebroke	V;PST	C028
respeak	respoke	V;PST	C028
forespeak	forespoke	V;PST	C028
withspeak	withspoke	V;PST	C028
caretake	caretook	V;PST	C027
atsake	atsook	V;PST	C027
betake	betook	V;PST	C027
uptake	uptook	V;PST	C027
wrongtake	wrongtook	V;PST	C027
shake	shook	V;PST	C027
beshake	beshook	V;PST	C027
withtake	withtook	V;PST	C027
retake	retook	V;PST	C027
overtake	overtook	V;PST	C027
forsake	forsook	V;PST	C027
ontake	ontook	V;PST	C027
overshake	overshook	V;PST	C027
foretake	foretook	V;PST	C027
toshake	toshook	V;PST	C027
mistake	mistook	V;PST	C027
reshake	reshook	V;PST	C027
outtake	outtook	V;PST	C027
unsake	unsook	V;PST	C027
reuptake	reuptook	V;PST	C027
unshake	unshook	V;PST	C027
partake	partook	V;PST	C027
withsake	withsook	V;PST	C027
intake	intook	V;PST	C027
entertake	entertook	V;PST	C027
atshake	atshook	V;PST	C027
fortake	fortook	V;PST	C027
offtake	offtook	V;PST	C027
undertake	undertook	V;PST	C027
take	took	V;PST	C027
forshake	forshook	V;PST	C027
foresing	foresang	V;PST	C026
swink	swank	V;PST	C026
forshrink	forshrank	V;PST	C026
unshrink	unshrank	V;PST	C026
overspring	oversprang	V;PST	C026
countersing	countersang	V;PST	C026
preshrink	preshrank	V;PST	C026
undersing	undersang	V;PST	C026
bedrink	bedrank	V;PST	C026
redrink	redrank	V;PST	C026
shrink	shrank	V;PST	C026
stink	stank	V;PST	C026
respring	resprang	V;PST	C026
spring	sprang	V;PST	C026
sing	sang	V;PST	C026
drink	drank	V;PST	C026
outsing	outsang	V;PST	C026
sink	sank	V;PST	C026
forsing	forsang	V;PST	C026
atspring	atsprang	V;PST	C026
drinck	dranck	V;PST	C026
outstink	outstank	V;PST	C026
unsing	unsang	V;PST	C026
countersink	countersank	V;PST	C026
upspring	upsprang	V;PST	C026
toswink	toswank	V;PST	C026
outring	outrang	V;PST	C026
besing	besang	V;PST	C026
outspring	outsprang	V;PST	C026
overdrink	overdrank	V;PST	C026
reshrink	reshrank	V;PST	C026
beswink	beswank	V;PST	C026
thring	thrang	V;PST	C026
undrink	undrank	V;PST	C026
outdrink	outdrank	V;PST	C026
oversing	oversang	V;PST	C026
quartersaw	quartersawed	V;PST	C025
behew	behewed	V;PST	C025
forthshow	forthshowed	V;PST	C025
overstraw	overstrawed	V;PST	C025
besew	besewed	V;PST	C025
unsew	unsewed	V;PST	C025
strow	strowed	V;PST	C025
instrew	instrewed	V;PST	C025
bestrew	bestrewed	V;PST	C025
sew	sewed	V;PST	C025
roadshow	roadshowed	V;PST	C025
resow	resowed	V;PST	C025
oversow	oversowed	V;PST	C025
resew	resewed	V;PST	C025
oversew	oversewed	V;PST	C025
overstrew	overstrewed	V;PST	C025
forehew	forehewed	V;PST	C025
presew	presewed	V;PST	C025
intersow	intersowed	V;PST	C025
foreshew	foreshewed	V;PST	C025
rehew	rehewed	V;PST	C025
foreshow	foreshowed	V;PST	C025
whipsaw	whipsawed	V;PST	C025
overshow	overshowed	V;PST	C025
strew	strewed	V;PST	C025
bandsaw	bandsawed	V;PST	C025
preshow	preshowed	V;PST	C025
reshow	reshowed	V;PST	C025
outshow	outshowed	V;PST	C025
overstrow	overstrowed	V;PST	C025
sow	sowed	V;PST	C025
bestrow	bestrowed	V;PST	C025
besow	besowed	V;PST	C025
undersow	undersowed	V;PST	C025
tohew	tohewed	V;PST	C025
resaw	resawed	V;PST	C025
show	showed	V;PST	C025
magic	magicked	V;PST	C024
traffic	trafficked	V;PST	C024
frolic	frolicked	V;PST	C024
chemic	chemicked	V;PST	C024
music	musicked	V;PST	C024
picnic	picnicked	V;PST	C024
frak	frakked	V;PST	C024
sac	sacked	V;PST	C024
mimic	mimicked	V;PST	C024
trek	trekked	V;PST	C024
politic	politicked	V;PST	C024
garlic	garlicked	V;PST	C024
demosaic	demosaicked	V;PST	C024
panic	panicked	V;PST	C024
antic	anticked	V;PST	C024
sjambok	sjambokked	V;PST	C024
hydraulic	hydraulicked	V;PST	C024
logic	logicked	V;PST	C024
yuk	yukked	V;PST	C024
shambok	shambokked	V;PST	C024
critic	criticked	V;PST	C024
havoc	havocked	V;PST	C024
minac	minacked	V;PST	C024
lek	lekked	V;PST	C024
medivac	medivacked	V;PST	C024
rubric	rubricked	V;PST	C024
jambok	jambokked	V;PST	C024
retarmac	retarmacked	V;PST	C024
grok	grokked	V;PST	C024
limbec	limbecked	V;PST	C024
yak	yakked	V;PST	C024
unmagic	unmagicked	V;PST	C024
metric	metricked	V;PST	C024
casevac	casevacked	V;PST	C024
yok	yokked	V;PST	C024
medevac	medevacked	V;PST	C024
physic	physicked	V;PST	C024
wok	wokked	V;PST	C024
vac	vacked	V;PST	C024
shellac	shellacked	V;PST	C024
tarmac	tarmacked	V;PST	C024
prelay	prelaid	V;PST	C023
mispay	mispaid	V;PST	C023
besay	besaid	V;PST	C023
enlay	enlaid	V;PST	C023
underpay	underpaid	V;PST	C023
yeasay	yeasaid	V;PST	C023
overlay	overlaid	V;PST	C023
lay	laid	V;PST	C023
doomsay	doomsaid	V;PST	C023
uplay	uplaid	V;PST	C023
unpay	unpaid	V;PST	C023
outlay	outlaid	V;PST	C023
resay	resaid	V;PST	C023
surpay	surpaid	V;PST	C023
onlay	onlaid	V;PST	C023
soothsay	soothsaid	V;PST	C023
unlay	unlaid	V;PST	C023
naysay	naysaid	V;PST	C023
outpay	outpaid	V;PST	C023
waylay	waylaid	V;PST	C023
say	said	V;PST	C023
copay	copaid	V;PST	C023
gainsay	gainsaid	V;PST	C023
taxpay	taxpaid	V;PST	C023
pay	paid	V;PST	C023
overpay	overpaid	V;PST	C023
withsay	withsaid	V;PST	C023
forsay	forsaid	V;PST	C023
southsay	southsaid	V;PST	C023
unsay	unsaid	V;PST	C023
forelay	forelaid	V;PST	C023
offlay	offlaid	V;PST	C023
againsay	againsaid	V;PST	C023
undersay	undersaid	V;PST	C023
interlay	interlaid	V;PST	C023
forlay	forlaid	V;PST	C023
mislay	mislaid	V;PST	C023
repay	repaid	V;PST	C023
foresay	foresaid	V;PST	C023
inlay	inlaid	V;PST	C023
missay	missaid	V;PST	C023
oversay	oversaid	V;PST	C023
feel	felt	V;PST	C022
unfeel	unfelt	V;PST	C022
ensweep	enswept	V;PST	C022
undersleep	underslept	V;PST	C022
outweep	outwept	V;PST	C022
creep	crept	V;PST	C022
timekeep	timekept	V;PST	C022
gatekeep	gatekept	V;PST	C022
oversleep	overslept	V;PST	C022
outfeel	outfelt	V;PST	C022
keep	kept	V;PST	C022
beweep	bewept	V;PST	C022
fellowfeel	fellowfelt	V;PST	C022
oversweep	overswept	V;PST	C022
besleep	beslept	V;PST	C022
underfeel	underfelt	V;PST	C022
housekeep	housekept	V;PST	C022
safekeep	safekept	V;PST	C022
unsleep	unslept	V;PST	C022
miskeep	miskept	V;PST	C022
undercreep	undercrept	V;PST	C022
overfeel	overfelt	V;PST	C022
underkeep	underkept	V;PST	C022
outsleep	outslept	V;PST	C022
outcreep	outcrept	V;PST	C022
sleep	slept	V;PST	C022
misfeel	misfelt	V;PST	C022
downsweep	downswept	V;PST	C022
weep	wept	V;PST	C022
upsweep	upswept	V;PST	C022
becreep	becrept	V;PST	C022
refeel	refelt	V;PST	C022
forefeel	forefelt	V;PST	C022
cosleep	coslept	V;PST	C022
increep	incrept	V;PST	C022
outkeep	outkept	V;PST	C022
overkeep	overkept	V;PST	C022
foreweep	forewept	V;PST	C022
forsleep	forslept	V;PST	C022
upkeep	upkept	V;PST	C022
kneel	knelt	V;PST	C022
bookkeep	bookkept	V;PST	C022
selfie	selfied	V;PST	C021
sortie	sortied	V;PST	C021
envie	envied	V;PST	C021
gillie	gillied	V;PST	C021
exemplifie	exemplified	V;PST	C021
dougie	dougied	V;PST	C021
hogtie	hogtied	V;PST	C021
befie	befied	V;PST	C021
wheelie	wheelied	V;PST	C021
roofie	roofied	V;PST	C021
ziptie	ziptied	V;PST	C021
excambie	excambied	V;PST	C021
forecaddie	forecaddied	V;PST	C021
overhie	overhied	V;PST	C021
vie	vied	V;PST	C021
mistie	mistied	V;PST	C021
ghillie	ghillied	V;PST	C021
justifie	justified	V;PST	C021
redie	redied	V;PST	C021
mollifie	mollified	V;PST	C021
outlie	outlied	V;PST	C021
noogie	noogied	V;PST	C021
calefie	calefied	V;PST	C021
revie	revied	V;PST	C021
ollie	ollied	V;PST	C021
untie	untied	V;PST	C021
hie	hied	V;PST	C021
oopsie	oopsied	V;PST	C021
tie	tied	V;PST	C021
snie	snied	V;PST	C021
betie	betied	V;PST	C021
retie	retied	V;PST	C021
doodie	doodied	V;PST	C021
undie	undied	V;PST	C021
outvie	outvied	V;PST	C021
caddie	caddied	V;PST	C021
sie	sied	V;PST	C021
uptie	uptied	V;PST	C021
boogie	boogied	V;PST	C021
auntie	auntied	V;PST	C021
die	died	V;PST	C021
wedgie	wedgied	V;PST	C021
upthrow	upthrew	V;PST	C020
throw	threw	V;PST	C020
counterthrow	counterthrew	V;PST	C020
underblow	underblew	V;PST	C020
interknow	interknew	V;PST	C020
overblow	overblew	V;PST	C020
misblow	misblew	V;PST	C020
whistleblow	whistleblew	V;PST	C020
acknow	acknew	V;PST	C020
beknow	beknew	V;PST	C020
grow	grew	V;PST	C020
overthrow	overthrew	V;PST	C020
overgrow	overgrew	V;PST	C020
misknow	misknew	V;PST	C020
unknow	unknew	V;PST	C020
foreknow	foreknew	V;PST	C020
withthrow	withthrew	V;PST	C020
upgrow	upgrew	V;PST	C020
inblow	inblew	V;PST	C020
beblow	beblew	V;PST	C020
know	knew	V;PST	C020
misthrow	misthrew	V;PST	C020
upblow	upblew	V;PST	C020
preblow	preblew	V;PST	C020
ungrow	ungrew	V;PST	C020
forthrow	forthrew	V;PST	C020
outthrow	outthrew	V;PST	C020
blow	blew	V;PST	C020
offthrow	offthrew	V;PST	C020
rethrow	rethrew	V;PST	C020
intergrow	intergrew	V;PST	C020
outgrow	outgrew	V;PST	C020
misgrow	misgrew	V;PST	C020
ingrow	ingrew	V;PST	C020
underthrow	underthrew	V;PST	C020
forgrow	forgrew	V;PST	C020
aknow	aknew	V;PST	C020
flyblow	flyblew	V;PST	C020
bethrow	bethrew	V;PST	C020
regrow	regrew	V;PST	C020
degrow	degrew	V;PST	C020
outblow	outblew	V;PST	C020
undergrow	undergrew	V;PST	C020
overbind	overbound	V;PST	C019
slapfight	slapfought	V;PST	C019
cockfight	cockfought	V;PST	C019
misbind	misbound	V;PST	C019
forfight	forfought	V;PST	C019
spellbind	spellbound	V;PST	C019
upwind	upwound	V;PST	C019
enwind	enwound	V;PST	C019
underwind	underwound	V;PST	C019
fistfight	fistfought	V;PST	C019
rebind	rebound	V;PST	C019
cryogrind	cryoground	V;PST	C019
refight	refought	V;PST	C019
faultfind	faultfound	V;PST	C019
pregrind	preground	V;PST	C019
inwind	inwound	V;PST	C019
outwind	outwound	V;PST	C019
gunfight	gunfought	V;PST	C019
disbind	disbound	V;PST	C019
playfight	playfought	V;PST	C019
befight	befought	V;PST	C019
outfight	outfought	V;PST	C019
atwind	atwound	V;PST	C019
debind	debound	V;PST	C019
bind	bound	V;PST	C019
refind	refound	V;PST	C019
infight	infought	V;PST	C019
copyfight	copyfought	V;PST	C019
regrind	reground	V;PST	C019
outfind	outfound	V;PST	C019
rewind	rewound	V;PST	C019
unwind	unwound	V;PST	C019
inbind	inbound	V;PST	C019
togrind	toground	V;PST	C019
unbind	unbound	V;PST	C019
underbind	underbound	V;PST	C019
befind	befound	V;PST	C019
bewind	bewound	V;PST	C019
autowind	autowound	V;PST	C019
fight	fought	V;PST	C019
sexfight	sexfought	V;PST	C019
overwind	overwound	V;PST	C019
interwind	interwound	V;PST	C019
dogfight	dogfought	V;PST	C019
upbind	upbound	V;PST	C019
towind	towound	V;PST	C019
stallfeed	stallfed	V;PST	C018
handfeed	handfed	V;PST	C018
underbreed	underbred	V;PST	C018
misfeed	misfed	V;PST	C018
overspeed	oversped	V;PST	C018
feed	fed	V;PST	C018
countermeet	countermet	V;PST	C018
outbleed	outbled	V;PST	C018
rebreed	rebred	V;PST	C018
breastfeed	breastfed	V;PST	C018
counterfeed	counterfed	V;PST	C018
bemeet	bemet	V;PST	C018
imbreed	imbred	V;PST	C018
inbreed	inbred	V;PST	C018
crossfeed	crossfed	V;PST	C018
breed	bred	V;PST	C018
spoonfeed	spoonfed	V;PST	C018
chestfeed	chestfed	V;PST	C018
freefeed	freefed	V;PST	C018
winterfeed	winterfed	V;PST	C018
counterbleed	counterbled	V;PST	C018
misbreed	misbred	V;PST	C018
outspeed	outsped	V;PST	C018
overbreed	overbred	V;PST	C018
colorbreed	colorbred	V;PST	C018
wildfeed	wildfed	V;PST	C018
rebleed	rebled	V;PST	C018
forbleed	forbled	V;PST	C018
interbreed	interbred	V;PST	C018
fullfeed	fullfed	V;PST	C018
despeed	desped	V;PST	C018
speed	sped	V;PST	C018
remeet	remet	V;PST	C018
underfeed	underfed	V;PST	C018
unbreed	unbred	V;PST	C018
overbleed	overbled	V;PST	C018
outbreed	outbred	V;PST	C018
crossbreed	crossbred	V;PST	C018
forcefeed	forcefed	V;PST	C018
overfeed	overfed	V;PST	C018
bleed	bled	V;PST	C018
upbreed	upbred	V;PST	C018
boobfeed	boobfed	V;PST	C018
refeed	refed	V;PST	C018
bebleed	bebled	V;PST	C018
cofeed	cofed	V;PST	C018
meet	met	V;PST	C018
forespeed	foresped	V;PST	C018
cobuild	cobuilt	V;PST	C017
rebuild	rebuilt	V;PST	C017
forthsend	forthsent	V;PST	C017
torend	torent	V;PST	C017
genderbend	genderbent	V;PST	C017
overlend	overlent	V;PST	C017
bodybuild	bodybuilt	V;PST	C017
underbuild	underbuilt	V;PST	C017
missend	missent	V;PST	C017
interlend	interlent	V;PST	C017
unbend	unbent	V;PST	C017
rend	rent	V;PST	C017
outsend	outsent	V;PST	C017
forlend	forlent	V;PST	C017
forelend	forelent	V;PST	C017
disbend	disbent	V;PST	C017
upbend	upbent	V;PST	C017
misspend	misspent	V;PST	C017
unspend	unspent	V;PST	C017
racebend	racebent	V;PST	C017
overhend	overhent	V;PST	C017
send	sent	V;PST	C017
forespend	forespent	V;PST	C017
underspend	underspent	V;PST	C017
onsend	onsent	V;PST	C017
upbuild	upbuilt	V;PST	C017
upsend	upsent	V;PST	C017
relend	relent	V;PST	C017
toshend	toshent	V;PST	C017
foresend	foresent	V;PST	C017
bespend	bespent	V;PST	C017
insend	insent	V;PST	C017
respend	respent	V;PST	C017
shend	shent	V;PST	C017
besend	besent	V;PST	C017
oversend	oversent	V;PST	C017
resend	resent	V;PST	C017
spend	spent	V;PST	C017
berend	berent	V;PST	C017
overbend	overbent	V;PST	C017
lend	lent	V;PST	C017
bewend	bewent	V;PST	C017
forspend	forspent	V;PST	C017
build	built	V;PST	C017
bend	bent	V;PST	C017
miswend	miswent	V;PST	C017
outbuild	outbuilt	V;PST	C017
inbuild	inbuilt	V;PST	C017
undersend	undersent	V;PST	C017
unbuild	unbuilt	V;PST	C017
cost	cost	V;PST	C016
vidcast	vidcast	V;PST	C016
preread	preread	V;PST	C016
beread	beread	V;PST	C016
backcast	backcast	V;PST	C016
recast	recast	V;PST	C016
outsweat	outsweat	V;PST	C016
roughcast	roughcast	V;PST	C016
becast	becast	V;PST	C016
forecast	forecast	V;PST	C016
forspread	forspread	V;PST	C016
thrust	thrust	V;PST	C016
bedight	bedight	V;PST	C016
copyread	copyread	V;PST	C016
toburst	toburst	V;PST	C016
mindread	mindread	V;PST	C016
kest	kest	V;PST	C016
typecast	typecast	V;PST	C016
outcast	outcast	V;PST	C016
offcast	offcast	V;PST	C016
uncast	uncast	V;PST	C016
umbecast	umbecast	V;PST	C016
overhent	overhent	V;PST	C016
arread	arread	V;PST	C016
overspread	overspread	V;PST	C016
webcast	webcast	V;PST	C016
underread	underread	V;PST	C016
unread	unread	V;PST	C016
misbeat	misbeat	V;PST	C016
precast	precast	V;PST	C016
burst	burst	V;PST	C016
proofread	proofread	V;PST	C016
diecast	diecast	V;PST	C016
bespread	bespread	V;PST	C016
reread	reread	V;PST	C016
rebroadcast	rebroadcast	V;PST	C016
overcast	overcast	V;PST	C016
overread	overread	V;PST	C016
upspread	upspread	V;PST	C016
miscast	miscast	V;PST	C016
telecast	telecast	V;PST	C016
lipread	lipread	V;PST	C016
vodcast	vodcast	V;PST	C016
spread	spread	V;PST	C016
behight	behight	V;PST	C016
counterread	counterread	V;PST	C016
redd	redd	V;PST	C016
misread	misread	V;PST	C016
sightread	sightread	V;PST	C016
undercast	undercast	V;PST	C016
brad	bradded	V;PST	C015
footpad	footpadded	V;PST	C015
unwad	unwadded	V;PST	C015
clod	clodded	V;PST	C015
featherbed	featherbedded	V;PST	C015
wad	wadded	V;PST	C015
rud	rudded	V;PST	C015
pod	podded	V;PST	C015
hod	hodded	V;PST	C015
grid	gridded	V;PST	C015
dod	dodded	V;PST	C015
ted	tedded	V;PST	C015
sled	sledded	V;PST	C015
yed	yedded	V;PST	C015
bobsled	bobsledded	V;PST	C015
wed	wedded	V;PST	C015
fid	fidded	V;PST	C015
zed	zedded	V;PST	C015
bed	bedded	V;PST	C015
quad	quadded	V;PST	C015
sed	sedded	V;PST	C015
nod	nodded	V;PST	C015
lid	lidded	V;PST	C015
sod	sodded	V;PST	C015
kid	kidded	V;PST	C015
interbed	interbedded	V;PST	C015
plod	plodded	V;PST	C015
overpad	overpadded	V;PST	C015
bikeshed	bikeshedded	V;PST	C015
demod	demodded	V;PST	C015
cod	codded	V;PST	C015
god	godded	V;PST	C015
ramrod	ramrodded	V;PST	C015
repad	repadded	V;PST	C015
delid	delidded	V;PST	C015
disembed	disembedded	V;PST	C015
unbed	unbedded	V;PST	C015
shred	shredded	V;PST	C015
skid	skidded	V;PST	C015
dad	dadded	V;PST	C015
mad	madded	V;PST	C015
thud	thudded	V;PST	C015
mod	modded	V;PST	C015
prod	prodded	V;PST	C015
rebed	rebedded	V;PST	C015
debud	debudded	V;PST	C015
reclad	recladded	V;PST	C015
glad	gladded	V;PST	C015
bemad	bemadded	V;PST	C015
sad	sadded	V;PST	C015
forthfet	forthfet	V;PST	C014
inlet	inlet	V;PST	C014
presplit	presplit	V;PST	C014
miscut	miscut	V;PST	C014
cut	cut	V;PST	C014
umbeset	umbeset	V;PST	C014
fet	fet	V;PST	C014
quit	quit	V;PST	C014
sublet	sublet	V;PST	C014
relet	relet	V;PST	C014
precut	precut	V;PST	C014
offcut	offcut	V;PST	C014
withset	withset	V;PST	C014
bewet	bewet	V;PST	C014
intercut	intercut	V;PST	C014
forthput	forthput	V;PST	C014
forthset	forthset	V;PST	C014
underset	underset	V;PST	C014
mishit	mishit	V;PST	C014
put	put	V;PST	C014
offset	offset	V;PST	C014
forelet	forelet	V;PST	C014
beshit	beshit	V;PST	C014
hit	hit	V;PST	C014
unshit	unshit	V;PST	C014
reinput	reinput	V;PST	C014
beshut	beshut	V;PST	C014
upset	upset	V;PST	C014
photoset	photoset	V;PST	C014
outhit	outhit	V;PST	C014
preset	preset	V;PST	C014
newset	newset	V;PST	C014
overhit	overhit	V;PST	C014
prewet	prewet	V;PST	C014
becut	becut	V;PST	C014
torit	torit	V;PST	C014
onset	onset	V;PST	C014
forcut	forcut	V;PST	C014
reknit	reknit	V;PST	C014
overcut	overcut	V;PST	C014
interset	interset	V;PST	C014
input	input	V;PST	C014
underlet	underlet	V;PST	C014
outcut	outcut	V;PST	C014
split	split	V;PST	C014
crosscut	crosscut	V;PST	C014
underhit	underhit	V;PST	C014
undercut	undercut	V;PST	C014
knit	knit	V;PST	C014
overbet	overbet	V;PST	C014
encur	encurred	V;PST	C013
squir	squirred	V;PST	C013
reoccur	reoccurred	V;PST	C013
cooccur	cooccurred	V;PST	C013
transcur	transcurred	V;PST	C013
unshar	unsharred	V;PST	C013
profer	proferred	V;PST	C013
crowbar	crowbarred	V;PST	C013
curmur	curmurred	V;PST	C013
retar	retarred	V;PST	C013
outwar	outwarred	V;PST	C013
tar	tarred	V;PST	C013
forbar	forbarred	V;PST	C013
incur	incurred	V;PST	C013
ajar	ajarred	V;PST	C013
reinter	reinterred	V;PST	C013
rebar	rebarred	V;PST	C013
demur	demurred	V;PST	C013
xfer	xferred	V;PST	C013
disprefer	dispreferred	V;PST	C013
confer	conferred	V;PST	C013
mar	marred	V;PST	C013
electrotransfer	electrotransferred	V;PST	C013
transfer	transferred	V;PST	C013
overbar	overbarred	V;PST	C013
shnor	shnorred	V;PST	C013
beblur	beblurred	V;PST	C013
pur	purred	V;PST	C013
stir	stirred	V;PST	C013
retrotransfer	retrotransferred	V;PST	C013
bemar	bemarred	V;PST	C013
slur	slurred	V;PST	C013
unblur	unblurred	V;PST	C013
sidebar	sidebarred	V;PST	C013
bar	barred	V;PST	C013
deter	deterred	V;PST	C013
scar	scarred	V;PST	C013
costar	costarred	V;PST	C013
bestir	bestirred	V;PST	C013
defur	defurred	V;PST	C013
whir	whirred	V;PST	C013
overstir	overstirred	V;PST	C013
abhor	abhorred	V;PST	C013
unstar	unstarred	V;PST	C013
gnar	gnarred	V;PST	C013
jar	jarred	V;PST	C013
star	starred	V;PST	C013
inter	interred	V;PST	C013
reincur	reincurred	V;PST	C013
concur	concurred	V;PST	C013
stum	stummed	V;PST	C012
program	programmed	V;PST	C012
scram	scrammed	V;PST	C012
bodyslam	bodyslammed	V;PST	C012
bedim	bedimmed	V;PST	C012
cram	crammed	V;PST	C012
spam	spammed	V;PST	C012
brim	brimmed	V;PST	C012
anagram	anagrammed	V;PST	C012
chokeslam	chokeslammed	V;PST	C012
bum	bummed	V;PST	C012
clam	clammed	V;PST	C012
tram	trammed	V;PST	C012
restem	restemmed	V;PST	C012
mailgram	mailgrammed	V;PST	C012
ungum	ungummed	V;PST	C012
histogram	histogrammed	V;PST	C012
forclem	forclemmed	V;PST	C012
cham	chammed	V;PST	C012
tomtom	tomtommed	V;PST	C012
slam	slammed	V;PST	C012
nim	nimmed	V;PST	C012
strim	strimmed	V;PST	C012
gam	gammed	V;PST	C012
scam	scammed	V;PST	C012
misdiagram	misdiagrammed	V;PST	C012
dram	drammed	V;PST	C012
delam	delammed	V;PST	C012
cablegram	cablegrammed	V;PST	C012
fum	fummed	V;PST	C012
ham	hammed	V;PST	C012
hum	hummed	V;PST	C012
mum	mummed	V;PST	C012
jimjam	jimjammed	V;PST	C012
glim	glimmed	V;PST	C012
telegram	telegrammed	V;PST	C012
rim	rimmed	V;PST	C012
hem	hemmed	V;PST	C012
planogram	planogrammed	V;PST	C012
bedrum	bedrummed	V;PST	C012
checksum	checksummed	V;PST	C012
deprogram	deprogrammed	V;PST	C012
overcram	overcrammed	V;PST	C012
stim	stimmed	V;PST	C012
descum	descummed	V;PST	C012
reshim	reshimmed	V;PST	C012
plim	plimmed	V;PST	C012
glam	glammed	V;PST	C012
pretrim	pretrimmed	V;PST	C012
unspam	unspammed	V;PST	C012
fab	fabbed	V;PST	C011
forgab	forgabbed	V;PST	C011
web	webbed	V;PST	C011
wub	wubbed	V;PST	C011
preswab	preswabbed	V;PST	C011
begab	begabbed	V;PST	C011
rib	ribbed	V;PST	C011
frob	frobbed	V;PST	C011
nightclub	nightclubbed	V;PST	C011
undergrub	undergrubbed	V;PST	C011
sub	subbed	V;PST	C011
defib	defibbed	V;PST	C011
scrub	scrubbed	V;PST	C011
screengrab	screengrabbed	V;PST	C011
taxicab	taxicabbed	V;PST	C011
ab	abbed	V;PST	C011
backstab	backstabbed	V;PST	C011
bib	bibbed	V;PST	C011
blub	blubbed	V;PST	C011
redub	redubbed	V;PST	C011
dob	dobbed	V;PST	C011
knob	knobbed	V;PST	C011
jib	jibbed	V;PST	C011
grub	grubbed	V;PST	C011
spiderweb	spiderwebbed	V;PST	C011
stub	stubbed	V;PST	C011
snib	snibbed	V;PST	C011
bob	bobbed	V;PST	C011
predub	predubbed	V;PST	C011
backtab	backtabbed	V;PST	C011
cabob	cabobbed	V;PST	C011
hobandnob	hobandnobbed	V;PST	C011
lib	libbed	V;PST	C011
fansub	fansubbed	V;PST	C011
snub	snubbed	V;PST	C011
flob	flobbed	V;PST	C011
jab	jabbed	V;PST	C011
glub	glubbed	V;PST	C011
slub	slubbed	V;PST	C011
drab	drabbed	V;PST	C011
denib	denibbed	V;PST	C011
overclub	overclubbed	V;PST	C011
landgrab	landgrabbed	V;PST	C011
dab	dabbed	V;PST	C011
confab	confabbed	V;PST	C011
fub	fubbed	V;PST	C011
cob	cobbed	V;PST	C011
selfpub	selfpubbed	V;PST	C011
drib	dribbed	V;PST	C011
bescrub	bescrubbed	V;PST	C011
applique	appliqued	V;PST	C010
undye	undyed	V;PST	C010
pedigree	pedigreed	V;PST	C010
precue	precued	V;PST	C010
fortee	forteed	V;PST	C010
emcee	emceed	V;PST	C010
filigree	filigreed	V;PST	C010
blue	blued	V;PST	C010
spae	spaed	V;PST	C010
cue	cued	V;PST	C010
backhoe	backhoed	V;PST	C010
horseshoe	horseshoed	V;PST	C010
predye	predyed	V;PST	C010
teetee	teeteed	V;PST	C010
throe	throed	V;PST	C010
counterdye	counterdyed	V;PST	C010
wee	weed	V;PST	C010
gree	greed	V;PST	C010
tiptoe	tiptoed	V;PST	C010
rotisserie	rotisseried	V;PST	C010
ante	anted	V;PST	C010
preage	preaged	V;PST	C010
adree	adreed	V;PST	C010
bedye	bedyed	V;PST	C010
canoe	canoed	V;PST	C010
whoopee	whoopeed	V;PST	C010
hoe	hoed	V;PST	C010
winge	winged	V;PST	C010
soogee	soogeed	V;PST	C010
overhear	overheard	V;PST	C010
shivaree	shivareed	V;PST	C010
reshoe	reshoed	V;PST	C010
mishear	misheard	V;PST	C010
cookie	cookied	V;PST	C010
levee	leveed	V;PST	C010
thee	theed	V;PST	C010
coffee	coffeed	V;PST	C010
dude	duded	V;PST	C010
dye	dyed	V;PST	C010
zee	zeed	V;PST	C010
snee	sneed	V;PST	C010
spree	spreed	V;PST	C010
overdye	overdyed	V;PST	C010
gumshoe	gumshoed	V;PST	C010
overeye	overeyed	V;PST	C010
redecree	redecreed	V;PST	C010
fricassee	fricasseed	V;PST	C010
cameltoe	cameltoed	V;PST	C010
rufie	rufied	V;PST	C010
refugee	refugeed	V;PST	C010
dun	dunned	V;PST	C009
redon	redonned	V;PST	C009
retcon	retconned	V;PST	C009
shitcan	shitcanned	V;PST	C009
sin	sinned	V;PST	C009
prescan	prescanned	V;PST	C009
underplan	underplanned	V;PST	C009
bin	binned	V;PST	C009
outken	outkenned	V;PST	C009
bren	brenned	V;PST	C009
crampon	cramponned	V;PST	C009
pretin	pretinned	V;PST	C009
cun	cunned	V;PST	C009
marzipan	marzipanned	V;PST	C009
gen	genned	V;PST	C009
outskin	outskinned	V;PST	C009
outsin	outsinned	V;PST	C009
middleman	middlemanned	V;PST	C009
decon	deconned	V;PST	C009
son	sonned	V;PST	C009
scan	scanned	V;PST	C009
clothespin	clothespinned	V;PST	C009
outcon	outconned	V;PST	C009
rebin	rebinned	V;PST	C009
yen	yenned	V;PST	C009
scintiscan	scintiscanned	V;PST	C009
in	inned	V;PST	C009
strawman	strawmanned	V;PST	C009
deadpan	deadpanned	V;PST	C009
recan	recanned	V;PST	C009
lin	linned	V;PST	C009
misplan	misplanned	V;PST	C009
rejapan	rejapanned	V;PST	C009
overtan	overtanned	V;PST	C009
misscan	misscanned	V;PST	C009
decan	decanned	V;PST	C009
grin	grinned	V;PST	C009
unban	unbanned	V;PST	C009
steelman	steelmanned	V;PST	C009
unman	unmanned	V;PST	C009
rataplan	rataplanned	V;PST	C009
suntan	suntanned	V;PST	C009
con	conned	V;PST	C009
don	donned	V;PST	C009
instaban	instabanned	V;PST	C009
shin	shinned	V;PST	C009
depin	depinned	V;PST	C009
trepan	trepanned	V;PST	C009
electrostun	electrostunned	V;PST	C009
den	denned	V;PST	C009
emvowel	emvowelled	V;PST	C008
miscontrol	miscontrolled	V;PST	C008
uncharnel	uncharnelled	V;PST	C008
redistil	redistilled	V;PST	C008
whammel	whammelled	V;PST	C008
belibel	belibelled	V;PST	C008
whummel	whummelled	V;PST	C008
spaniel	spanielled	V;PST	C008
skol	skolled	V;PST	C008
miscancel	miscancelled	V;PST	C008
impel	impelled	V;PST	C008
vowel	vowelled	V;PST	C008
outmetal	outmetalled	V;PST	C008
verbal	verballed	V;PST	C008
mural	muralled	V;PST	C008
shrivel	shrivelled	V;PST	C008
unravel	unravelled	V;PST	C008
gambrel	gambrelled	V;PST	C008
schnorkel	schnorkelled	V;PST	C008
appel	appelled	V;PST	C008
corrival	corrivalled	V;PST	C008
vial	vialled	V;PST	C008
signal	signalled	V;PST	C008
empannel	empannelled	V;PST	C008
betassel	betasselled	V;PST	C008
hatchel	hatchelled	V;PST	C008
barrel	barrelled	V;PST	C008
embrothel	embrothelled	V;PST	C008
disemvowel	disemvowelled	V;PST	C008
rival	rivalled	V;PST	C008
mismodel	mismodelled	V;PST	C008
compel	compelled	V;PST	C008
tousel	touselled	V;PST	C008
metal	metalled	V;PST	C008
forel	forelled	V;PST	C008
forestal	forestalled	V;PST	C008
gerbil	gerbilled	V;PST	C008
pummel	pummelled	V;PST	C008
overfulfil	overfulfilled	V;PST	C008
recompel	recompelled	V;PST	C008
disinthral	disinthralled	V;PST	C008
distil	distilled	V;PST	C008
excel	excelled	V;PST	C008
hovel	hovelled	V;PST	C008
lateral	lateralled	V;PST	C008
impannel	impannelled	V;PST	C008
tassel	tasselled	V;PST	C008
rebel	rebelled	V;PST	C008
enrol	enrolled	V;PST	C008
disenrol	disenrolled	V;PST	C008
befog	befogged	V;PST	C007
regag	regagged	V;PST	C007
dogleg	doglegged	V;PST	C007
big	bigged	V;PST	C007
neg	negged	V;PST	C007
defog	defogged	V;PST	C007
lallygag	lallygagged	V;PST	C007
glug	glugged	V;PST	C007
steg	stegged	V;PST	C007
fizgig	fizgigged	V;PST	C007
dog	dogged	V;PST	C007
rejig	rejigged	V;PST	C007
blackleg	blacklegged	V;PST	C007
hotdog	hotdogged	V;PST	C007
humblebrag	humblebragged	V;PST	C007
prog	progged	V;PST	C007
limetwig	limetwigged	V;PST	C007
twig	twigged	V;PST	C007
gig	gigged	V;PST	C007
log	logged	V;PST	C007
shog	shogged	V;PST	C007
shug	shugged	V;PST	C007
gasbag	gasbagged	V;PST	C007
jitterbug	jitterbugged	V;PST	C007
chig	chigged	V;PST	C007
unflag	unflagged	V;PST	C007
declog	declogged	V;PST	C007
jig	jigged	V;PST	C007
debag	debagged	V;PST	C007
prig	prigged	V;PST	C007
hedgehog	hedgehogged	V;PST	C007
snag	snagged	V;PST	C007
rebag	rebagged	V;PST	C007
bullyrag	bullyragged	V;PST	C007
flog	flogged	V;PST	C007
bearhug	bearhugged	V;PST	C007
trog	trogged	V;PST	C007
frag	fragged	V;PST	C007
rag	ragged	V;PST	C007
grig	grigged	V;PST	C007
lag	lagged	V;PST	C007
sag	sagged	V;PST	C007
sprig	sprigged	V;PST	C007
sug	sugged	V;PST	C007
snig	snigged	V;PST	C007
quahog	quahogged	V;PST	C007
nutmeg	nutmegged	V;PST	C007
shrug	shrugged	V;PST	C007
forslug	forslugged	V;PST	C007
clog	clogged	V;PST	C007
compromit	compromitted	V;PST	C006
besmut	besmutted	V;PST	C006
brit	britted	V;PST	C006
gat	gatted	V;PST	C006
snapshot	snapshotted	V;PST	C006
ret	retted	V;PST	C006
demit	demitted	V;PST	C006
applot	applotted	V;PST	C006
inglut	inglutted	V;PST	C006
reblit	reblitted	V;PST	C006
copycat	copycatted	V;PST	C006
clicket	clicketted	V;PST	C006
plat	platted	V;PST	C006
stot	stotted	V;PST	C006
hut	hutted	V;PST	C006
drat	dratted	V;PST	C006
interknot	interknotted	V;PST	C006
aret	aretted	V;PST	C006
reallot	reallotted	V;PST	C006
quat	quatted	V;PST	C006
bepat	bepatted	V;PST	C006
bit	bitted	V;PST	C006
unfret	unfretted	V;PST	C006
mailshot	mailshotted	V;PST	C006
overpot	overpotted	V;PST	C006
slat	slatted	V;PST	C006
photostat	photostatted	V;PST	C006
slashdot	slashdotted	V;PST	C006
deformat	deformatted	V;PST	C006
underfit	underfitted	V;PST	C006
frit	fritted	V;PST	C006
briquet	briquetted	V;PST	C006
bat	batted	V;PST	C006
outwit	outwitted	V;PST	C006
bestrut	bestrutted	V;PST	C006
skit	skitted	V;PST	C006
readmit	readmitted	V;PST	C006
repot	repotted	V;PST	C006
yet	yetted	V;PST	C006
replat	replatted	V;PST	C006
benet	benetted	V;PST	C006
upfit	upfitted	V;PST	C006
unmat	unmatted	V;PST	C006
derat	deratted	V;PST	C006
wadset	wadsetted	V;PST	C006
misfit	misfitted	V;PST	C006
net	netted	V;PST	C006
underpot	underpotted	V;PST	C006
pacquet	pacquetted	V;PST	C006
wainscot	wainscotted	V;PST	C006
mipmap	mipmapped	V;PST	C005
remop	remopped	V;PST	C005
uncrop	uncropped	V;PST	C005
deop	deopped	V;PST	C005
desysop	desysopped	V;PST	C005
overequip	overequipped	V;PST	C005
spyhop	spyhopped	V;PST	C005
overtrip	overtripped	V;PST	C005
evesdrop	evesdropped	V;PST	C005
catnap	catnapped	V;PST	C005
overslip	overslipped	V;PST	C005
intercrop	intercropped	V;PST	C005
strap	strapped	V;PST	C005
fieldstrip	fieldstripped	V;PST	C005
bedrop	bedropped	V;PST	C005
photochop	photochopped	V;PST	C005
scrap	scrapped	V;PST	C005
hop	hopped	V;PST	C005
schlep	schlepped	V;PST	C005
workshop	workshopped	V;PST	C005
wurship	wurshipped	V;PST	C005
clop	clopped	V;PST	C005
strip	stripped	V;PST	C005
overstep	overstepped	V;PST	C005
outcrop	outcropped	V;PST	C005
petnap	petnapped	V;PST	C005
retap	retapped	V;PST	C005
offcap	offcapped	V;PST	C005
jip	jipped	V;PST	C005
instop	instopped	V;PST	C005
malaprop	malapropped	V;PST	C005
unpop	unpopped	V;PST	C005
glop	glopped	V;PST	C005
prewrap	prewrapped	V;PST	C005
undertip	undertipped	V;PST	C005
outtop	outtopped	V;PST	C005
atslip	atslipped	V;PST	C005
understep	understepped	V;PST	C005
plip	plipped	V;PST	C005
snowdrop	snowdropped	V;PST	C005
quickstep	quickstepped	V;PST	C005
chap	chapped	V;PST	C005
belap	belapped	V;PST	C005
disship	disshipped	V;PST	C005
snap	snapped	V;PST	C005
enwrap	enwrapped	V;PST	C005
agitprop	agitpropped	V;PST	C005
micronap	micronapped	V;PST	C005
flip	flipped	V;PST	C005
blop	blopped	V;PST	C005
relexify	relexified	V;PST	C004
deputy	deputied	V;PST	C004
soliloquy	soliloquied	V;PST	C004
outbully	outbullied	V;PST	C004
belady	beladied	V;PST	C004
verbify	verbified	V;PST	C004
reamplify	reamplified	V;PST	C004
schistify	schistified	V;PST	C004
oddify	oddified	V;PST	C004
levy	levied	V;PST	C004
gayify	gayified	V;PST	C004
postmodify	postmodified	V;PST	C004
remercy	remercied	V;PST	C004
unverify	unverified	V;PST	C004
bepity	bepitied	V;PST	C004
scorify	scorified	V;PST	C004
alacrify	alacrified	V;PST	C004
sissy	sissied	V;PST	C004
booby	boobied	V;PST	C004
cozy	cozied	V;PST	C004
demorify	demorified	V;PST	C004
whitify	whitified	V;PST	C004
parody	parodied	V;PST	C004
historify	historified	V;PST	C004
clausify	clausified	V;PST	C004
sicklify	sicklified	V;PST	C004
cry	cried	V;PST	C004
palsy	palsied	V;PST	C004
uncity	uncitied	V;PST	C004
nappy	nappied	V;PST	C004
corporify	corporified	V;PST	C004
overdry	overdried	V;PST	C004
liquefy	liquefied	V;PST	C004
validify	validified	V;PST	C004
resyllabify	resyllabified	V;PST	C004
decry	decried	V;PST	C004
unsully	unsullied	V;PST	C004
thurify	thurified	V;PST	C004
autoclassify	autoclassified	V;PST	C004
adsignify	adsignified	V;PST	C004
whinny	whinnied	V;PST	C004
parfry	parfried	V;PST	C004
zionify	zionified	V;PST	C004
study	studied	V;PST	C004
lazy	lazied	V;PST	C004
binky	binkied	V;PST	C004
stumpify	stumpified	V;PST	C004
phenocopy	phenocopied	V;PST	C004
refortify	refortified	V;PST	C004
nidify	nidified	V;PST	C004
galosh	galoshed	V;PST	C003
bourgeois	bourgeoised	V;PST	C003
outpunish	outpunished	V;PST	C003
electropolish	electropolished	V;PST	C003
ooch	ooched	V;PST	C003
foresnatch	foresnatched	V;PST	C003
fizz	fizzed	V;PST	C003
rutsch	rutsched	V;PST	C003
merch	merched	V;PST	C003
quash	quashed	V;PST	C003
demoss	demossed	V;PST	C003
electrofish	electrofished	V;PST	C003
contex	contexed	V;PST	C003
refurbish	refurbished	V;PST	C003
undemolish	undemolished	V;PST	C003
hoax	hoaxed	V;PST	C003
donkeypunch	donkeypunched	V;PST	C003
crayfish	crayfished	V;PST	C003
harnass	harnassed	V;PST	C003
preadmonish	preadmonished	V;PST	C003
microaggress	microaggressed	V;PST	C003
enmix	enmixed	V;PST	C003
reassess	reassessed	V;PST	C003
crossmatch	crossmatched	V;PST	C003
restucco	restuccoed	V;PST	C003
hostess	hostessed	V;PST	C003
sinch	sinched	V;PST	C003
submix	submixed	V;PST	C003
sketch	sketched	V;PST	C003
swash	swashed	V;PST	C003
commix	commixed	V;PST	C003
cockpunch	cockpunched	V;PST	C003
wench	wenched	V;PST	C003
reflourish	reflourished	V;PST	C003
itch	itched	V;PST	C003
telish	telished	V;PST	C003
arch	arched	V;PST	C003
discuss	discussed	V;PST	C003
detax	detaxed	V;PST	C003
fuzz	fuzzed	V;PST	C003
fetch	fetched	V;PST	C003
punish	punished	V;PST	C003
buffalo	buffaloed	V;PST	C003
nourish	nourished	V;PST	C003
necro	necroed	V;PST	C003
squoosh	squooshed	V;PST	C003
foreguess	foreguessed	V;PST	C003
cwtch	cwtched	V;PST	C003
unmatch	unmatched	V;PST	C003
skirmish	skirmished	V;PST	C003
formelt	formelted	V;PST	C002
sabo	saboed	V;PST	C002
even	evened	V;PST	C002
statement	statemented	V;PST	C002
dizzen	dizzened	V;PST	C002
lirt	lirted	V;PST	C002
bulldozer	bulldozered	V;PST	C002
abort	aborted	V;PST	C002
skimp	skimped	V;PST	C002
bankrupt	bankrupted	V;PST	C002
becudgel	becudgeled	V;PST	C002
beller	bellered	V;PST	C002
chart	charted	V;PST	C002
clink	clinked	V;PST	C002
firk	firked	V;PST	C002
summon	summoned	V;PST	C002
load	loaded	V;PST	C002
relight	relighted	V;PST	C002
peen	peened	V;PST	C002
ninja	ninjaed	V;PST	C002
stint	stinted	V;PST	C002
undersupport	undersupported	V;PST	C002
rotograph	rotographed	V;PST	C002
overcheck	overchecked	V;PST	C002
scissor	scissored	V;PST	C002
crick	cricked	V;PST	C002
spoil	spoiled	V;PST	C002
resort	resorted	V;PST	C002
bird	birded	V;PST	C002
kennel	kenneled	V;PST	C002
poopsock	poopsocked	V;PST	C002
cosset	cosseted	V;PST	C002
schlomp	schlomped	V;PST	C002
tripod	tripoded	V;PST	C002
zereba	zerebaed	V;PST	C002
reencounter	reencountered	V;PST	C002
regiment	regimented	V;PST	C002
emplaster	emplastered	V;PST	C002
cudgel	cudgeled	V;PST	C002
holloo	hollooed	V;PST	C002
clunk	clunked	V;PST	C002
skeer	skeered	V;PST	C002
murgeon	murgeoned	V;PST	C002
shirt	shirted	V;PST	C002
dauner	daunered	V;PST	C002
squeal	squealed	V;PST	C002
berm	bermed	V;PST	C002
broderick	brodericked	V;PST	C002
fillet	filleted	V;PST	C002
ribbit	ribbited	V;PST	C002
misarticulate	misarticulated	V;PST	C001
clepe	cleped	V;PST	C001
revascularize	revascularized	V;PST	C001
microfuge	microfuged	V;PST	C001
cooptate	cooptated	V;PST	C001
unlegislate	unlegislated	V;PST	C001
acclimatize	acclimatized	V;PST	C001
dethronize	dethronized	V;PST	C001
merchandize	merchandized	V;PST	C001
imposthumate	imposthumated	V;PST	C001
objurgate	objurgated	V;PST	C001
ecstaticize	ecstaticized	V;PST	C001
dentilabialize	dentilabialized	V;PST	C001
piddle	piddled	V;PST	C001
entayle	entayled	V;PST	C001
embondage	embondaged	V;PST	C001
experience	experienced	V;PST	C001
phosphopantetheinylate	phosphopantetheinylated	V;PST	C001
dysphemize	dysphemized	V;PST	C001
emblemise	emblemised	V;PST	C001
lapidate	lapidated	V;PST	C001
electrocauterise	electrocauterised	V;PST	C001
cunnilingate	cunnilingated	V;PST	C001
legendise	legendised	V;PST	C001
amove	amoved	V;PST	C001
reinclude	reincluded	V;PST	C001
transduce	transduced	V;PST	C001
ventralize	ventralized	V;PST	C001
disreverence	disreverenced	V;PST	C001
consonantalize	consonantalized	V;PST	C001
skepticise	skepticised	V;PST	C001
monetize	monetized	V;PST	C001
extirpate	extirpated	V;PST	C001
evulge	evulged	V;PST	C001
heterogenize	heterogenized	V;PST	C001
eviscerate	eviscerated	V;PST	C001
montage	montaged	V;PST	C001
reilluminate	reilluminated	V;PST	C001
nake	naked	V;PST	C001
permanentize	permanentized	V;PST	C001
culture	cultured	V;PST	C001
ubiquitylate	ubiquitylated	V;PST	C001
overimmunize	overimmunized	V;PST	C001
revisualize	revisualized	V;PST	C001
rhizosecrete	rhizosecreted	V;PST	C001
monomethylate	monomethylated	V;PST	C001
revive	revived	V;PST	C001
misbehave	misbehaved	V;PST	C001
downcycle	downcycled	V;PST	C001
converse	conversed	V;PST	C001